Category: All categories,
,
Day,LeBron James: (Worldwide)
10/22/2024,17
10/23/2024,52
10/24/2024,30
10/25/2024,22
10/26/2024,21
10/27/2024,25
10/28/2024,21
10/29/2024,20
10/30/2024,18
10/31/2024,19
11/1/2024,23
11/2/2024,21
11/3/2024,18
11/4/2024,17
11/5/2024,17
11/6/2024,16
11/7/2024,22
11/8/2024,19
11/9/2024,18
11/10/2024,16
11/11/2024,19
11/12/2024,17
11/13/2024,17
11/14/2024,22
11/15/2024,19
11/16/2024,19
11/17/2024,20
11/18/2024,19
11/19/2024,18
11/20/2024,19
11/21/2024,19
11/22/2024,19
11/23/2024,17
11/24/2024,15
11/25/2024,16
11/26/2024,14
11/27/2024,17
11/28/2024,19
11/29/2024,17
11/30/2024,18
12/1/2024,17
12/2/2024,18
12/3/2024,19
12/4/2024,17
12/5/2024,18
12/6/2024,16
12/7/2024,17
12/8/2024,15
12/9/2024,16
12/10/2024,16
12/11/2024,16
12/12/2024,17
12/13/2024,20
12/14/2024,20
12/15/2024,18
12/16/2024,19
12/17/2024,17
12/18/2024,18
12/19/2024,17
12/20/2024,18
12/21/2024,16
12/22/2024,18
12/23/2024,17
12/24/2024,18
12/25/2024,22
12/26/2024,23
12/27/2024,19
12/28/2024,17
12/29/2024,16
12/30/2024,24
12/31/2024,22
1/1/2025,20
1/2/2025,20
1/3/2025,21
1/4/2025,23
1/5/2025,19
1/6/2025,19
1/7/2025,18
1/8/2025,29
1/9/2025,23
1/10/2025,20
1/11/2025,19
1/12/2025,19
1/13/2025,21
1/14/2025,21
1/15/2025,22
1/16/2025,24
1/17/2025,23
1/18/2025,21
1/19/2025,19
1/20/2025,19
1/21/2025,19
1/22/2025,23
1/23/2025,19
1/24/2025,22
1/25/2025,19
1/26/2025,21
1/27/2025,20
1/28/2025,21
1/29/2025,21
1/30/2025,21
1/31/2025,22
2/1/2025,20
2/2/2025,34
2/3/2025,31
2/4/2025,27
2/5/2025,32
2/6/2025,26
2/7/2025,44
2/8/2025,31
2/9/2025,25
2/10/2025,25
2/11/2025,30
2/12/2025,26
2/13/2025,24
2/14/2025,22
2/15/2025,21
2/16/2025,24
2/17/2025,28
2/18/2025,26
2/19/2025,24
2/20/2025,26
2/21/2025,29
2/22/2025,24
2/23/2025,24
2/24/2025,24
2/25/2025,24
2/26/2025,28
2/27/2025,25
2/28/2025,26
3/1/2025,26
3/2/2025,24
3/3/2025,27
3/4/2025,25
3/5/2025,37
3/6/2025,30
3/7/2025,60
3/8/2025,51
3/9/2025,43
3/10/2025,36
3/11/2025,32
3/12/2025,32
3/13/2025,27
3/14/2025,25
3/15/2025,24
3/16/2025,24
3/17/2025,26
3/18/2025,29
3/19/2025,28
3/20/2025,29
3/21/2025,31
3/22/2025,29
3/23/2025,28
3/24/2025,27
3/25/2025,28
3/26/2025,56
3/27/2025,100
3/28/2025,62
3/29/2025,40
3/30/2025,42
3/31/2025,40
4/1/2025,42
4/2/2025,35
4/3/2025,36
4/4/2025,35
4/5/2025,31
4/6/2025,29
4/7/2025,30
4/8/2025,27
4/9/2025,26
4/10/2025,34
4/11/2025,28
4/12/2025,29
4/13/2025,25
